state,year,numFires,mainCause,mainSize,mainClass,avePutout,mainVegType
Alabama,1992,7,Arson,10,B,0,16
Alabama,1993,6,Arson,6.65,B,0,16
Alabama,1994,131,Debris Burning,4,B,0,12
Alabama,1995,152,Debris Burning,4,B,0,16
Alabama,1996,161,Debris Burning,5,B,0,16
Alabama,1997,81,Arson,3,B,0,16
Alabama,1998,132,Arson,3.5,B,0,16
Alabama,1999,174,Arson,4.25,B,0,16
Alabama,2000,253,Arson,4.5,B,0,12
Alabama,2001,116,Arson,3.75,B,0,12
Alabama,2002,121,Debris Burning,5,B,0,12
Alabama,2003,61,Arson,3.5,B,0,16
Alabama,2004,109,Arson,8,B,0,12
Alabama,2005,104,Arson,6,B,0,12
Alabama,2006,172,Arson,7.8,B,0,16
Alabama,2007,150,Arson,5,B,0,16
Alabama,2008,76,Debris Burning,5,B,0,16
Alabama,2009,49,Debris Burning,9,B,0,12
Alabama,2010,132,Debris Burning,6,B,0,16
Alabama,2011,78,Miscellaneous,5.5,B,0,12
Alabama,2012,61,Miscellaneous,10,C,0,16
Alabama,2013,62,Miscellaneous,10,B,0,12
Alabama,2014,73,Miscellaneous,8.2,B,0,12
Alabama,2015,67,Miscellaneous,8,B,0,12
Alaska,1992,15,Lightning,50,B,32,0
Alaska,1993,45,Lightning,4800,G,35,0
Alaska,1994,26,Lightning,5934.5,G,37,0
Alaska,1995,7,Lightning,320,B,28,0
Alaska,1996,36,Lightning,6255,G,41,0
Alaska,1997,46,Lightning,5315,G,27,0
Alaska,1998,10,Lightning,1705.5,G,15,0
Alaska,1999,43,Lightning,7736,G,34,0
Alaska,2000,23,Lightning,11566,G,51,0
Alaska,2001,9,Arson,3260,G,42,0
Alaska,2002,58,Lightning,14366,G,44,0
Alaska,2003,21,Lightning,5595,G,29,0
Alaska,2004,83,Lightning,19815,G,75,0
Alaska,2005,100,Lightning,18632.45,G,55,0
Alaska,2006,10,Lightning,13700,G,31,0
Alaska,2007,37,Lightning,5192,G,38,0
Alaska,2008,10,Lightning,4588.2,G,46,0
Alaska,2009,64,Lightning,17564.45,G,65,0
Alaska,2010,65,Lightning,10682,G,56,0
Alaska,2011,23,Lightning,7086,G,36,0
Alaska,2012,29,Lightning,4625.6,G,25,0
Alaska,2013,55,Lightning,12852.9,G,56,0
Alaska,2014,8,Missing/Undefined,2,B,32,0
Alaska,2015,183,Lightning,13775.5,G,59,0
Arizona,1992,58,Miscellaneous,2.65,B,0,16
Arizona,1993,126,Miscellaneous,4.25,B,1,16
Arizona,1994,89,Lightning,5,B,3,16
Arizona,1995,115,Lightning,4,B,2,16
Arizona,1996,59,Lightning,4,B,5,16
Arizona,1997,15,Lightning,2.5,B,5,16
Arizona,1998,43,Lightning,2.5,B,1,16
Arizona,1999,36,Lightning,2.85,B,2,16
Arizona,2000,58,Lightning,3.5,B,5,16
Arizona,2001,59,Lightning,2.5,B,2,16
Arizona,2002,47,Lightning,4,B,5,16
Arizona,2003,40,Lightning,4,B,9,16
Arizona,2004,50,Lightning,1.85,B,7,16
Arizona,2005,99,Lightning,11.5,B,5,16
Arizona,2006,56,Lightning,4.8,B,5,16
Arizona,2007,40,Lightning,8.9,B,12,16
Arizona,2008,34,Lightning,12.5,B,8,12
Arizona,2009,65,Lightning,6.1,B,17,16
Arizona,2010,27,Lightning,10,B,16,16
Arizona,2011,48,Lightning,3958,B,23,16
Arizona,2012,36,Lightning,37,B,15,16
Arizona,2013,27,Miscellaneous,14.1,B,8,16
Arizona,2014,25,Lightning,120,G,18,16
Arizona,2015,30,Lightning,1658,B,7,16
Arkansas,1992,2,Arson,11,B,0,15
Arkansas,1993,7,Arson,2.3,B,0,0
Arkansas,1994,3,Arson,2,B,0,16
Arkansas,1995,9,Arson,10,C,1,15
Arkansas,1996,13,Arson,10,B,0,15
Arkansas,1997,39,Arson,5,B,0,16
Arkansas,1998,59,Arson,3,B,0,16
Arkansas,1999,108,Arson,4,B,0,16
Arkansas,2000,120,Arson,2,B,0,16
Arkansas,2001,56,Arson,4,B,0,16
Arkansas,2002,45,Arson,4,B,0,16
Arkansas,2003,80,Debris Burning,3,B,0,16
Arkansas,2004,59,Debris Burning,4,B,0,16
Arkansas,2005,116,Debris Burning,4,B,0,16
Arkansas,2006,113,Arson,5,B,0,16
Arkansas,2007,85,Arson,3,B,0,16
Arkansas,2008,56,Debris Burning,2,B,0,16
Arkansas,2009,52,Debris Burning,4.5,B,0,0
Arkansas,2010,116,Debris Burning,5,B,0,16
Arkansas,2011,121,Debris Burning,3,B,0,16
Arkansas,2012,120,Arson,4,B,0,16
Arkansas,2013,42,Missing/Undefined,2.5,B,0,16
Arkansas,2014,54,Debris Burning,4,B,0,15
Arkansas,2015,62,Debris Burning,3.5,B,0,16
California,1992,202,Equipment Use,3,B,1,0
California,1993,157,Equipment Use,3,B,1,0
California,1994,153,Equipment Use,3,B,1,0
California,1995,141,Equipment Use,3,B,1,0
California,1996,202,Equipment Use,5,B,1,0
California,1997,136,Equipment Use,3,B,1,0
California,1998,126,Equipment Use,2.5,B,1,0
California,1999,181,Equipment Use,5,B,4,0
California,2000,101,Miscellaneous,3,B,2,0
California,2001,132,Equipment Use,4,B,2,0
California,2002,131,Equipment Use,4,B,2,0
California,2003,172,Equipment Use,3,B,4,0
California,2004,124,Equipment Use,3,B,2,0
California,2005,122,Equipment Use,4.6,B,1,0
California,2006,183,Miscellaneous,5,B,6,0
California,2007,210,Miscellaneous,1,B,3,0
California,2008,282,Miscellaneous,3,B,11,0
California,2009,170,Miscellaneous,1.5,B,3,0
California,2010,129,Miscellaneous,1,B,1,0
California,2011,196,Missing/Undefined,1.85,B,1,0
California,2012,151,Miscellaneous,2,B,9,0
California,2013,184,Missing/Undefined,2,B,5,0
California,2014,127,Miscellaneous,2,B,5,0
California,2015,135,Miscellaneous,2,B,12,0
Colorado,1992,12,Lightning,3.15,B,0,0
Colorado,1993,18,Missing/Undefined,8,B,1,0
Colorado,1994,40,Lightning,5.5,B,2,0
Colorado,1995,18,Campfire,2.8,B,1,0
Colorado,1996,21,Lightning,15,B,3,0
Colorado,1997,6,Lightning,5.25,B,7,0
Colorado,1998,7,Lightning,5,B,1,0
Colorado,1999,6,Lightning,3.75,B,2,0
Colorado,2000,24,Lightning,187.5,B,5,0
Colorado,2001,14,Lightning,4.5,B,9,0
Colorado,2002,38,Lightning,4919,G,20,0
Colorado,2003,26,Missing/Undefined,2.25,B,2,0
Colorado,2004,17,Lightning,1.5,B,14,0
Colorado,2005,29,Missing/Undefined,2,B,1,0
Colorado,2006,18,Lightning,30.7,B,3,0
Colorado,2007,12,Lightning,3.9,B,11,0
Colorado,2008,13,Lightning,2.5,B,11,0
Colorado,2009,11,Lightning,6,B,6,0
Colorado,2010,29,Miscellaneous,4,B,16,0
Colorado,2011,21,Lightning,342,G,8,0
Colorado,2012,22,Lightning,4634,G,13,0
Colorado,2013,20,Lightning,12.5,B,20,0
Colorado,2014,3,Equipment Use,19569,G,11,15
Colorado,2015,7,Missing/Undefined,527,B,3,0
Connecticut,1992,1,Campfire,1,B,0,15
Connecticut,1993,2,Arson,1.75,B,0,15
Connecticut,1994,6,Arson,3.75,B,0,15
Connecticut,1995,2,Campfire,1.5,B,0,15
Connecticut,1997,2,Arson,13.25,B,0,15
Connecticut,1999,3,Debris Burning,12,C,0,15
Connecticut,2000,1,Debris Burning,3,B,0,15
Connecticut,2001,6,Miscellaneous,2.25,B,0,15
Connecticut,2002,1,Arson,2,B,0,15
Connecticut,2003,1,Miscellaneous,1.5,B,0,15
Connecticut,2004,1,Children,1,B,0,15
Connecticut,2005,2,Miscellaneous,2,B,0,15
Connecticut,2006,6,Miscellaneous,2,B,0,15
Connecticut,2007,4,Miscellaneous,1.25,B,0,15
Connecticut,2008,7,Miscellaneous,2,B,0,15
Connecticut,2009,6,Miscellaneous,1,B,0,15
Connecticut,2010,7,Miscellaneous,1,B,0,15
Connecticut,2012,4,Miscellaneous,1,B,0,15
Connecticut,2015,4,Miscellaneous,3.5,B,0,15
Delaware,1997,1,Arson,2,B,0,0
Delaware,2004,2,Equipment Use,5,B,0,0
Florida,1992,153,Railroad,5,B,0,12
Florida,1993,168,Lightning,5,B,0,12
Florida,1994,129,Equipment Use,5,B,0,12
Florida,1995,102,Railroad,3.5,B,0,12
Florida,1996,162,Railroad,5,B,0,12
Florida,1997,120,Equipment Use,5,B,0,12
Florida,1998,169,Lightning,5,B,1,12
Florida,1999,164,Lightning,5.5,B,1,12
Florida,2000,245,Railroad,5,B,0,12
Florida,2001,170,Lightning,7,B,0,12
Florida,2002,98,Railroad,4.25,B,0,12
Florida,2003,66,Debris Burning,4,B,0,12
Florida,2004,111,Lightning,5,B,1,12
Florida,2005,76,Debris Burning,2,B,0,12
Florida,2006,174,Lightning,4,B,1,12
Florida,2007,183,Lightning,5.5,B,1,12
Florida,2008,115,Lightning,4,B,1,12
Florida,2009,100,Lightning,3.55,B,0,12
Florida,2010,66,Lightning,6.1,B,1,12
Florida,2011,167,Lightning,5,B,3,12
Florida,2012,104,Debris Burning,5,B,3,12
Florida,2013,71,Arson,5,B,1,12
Florida,2014,76,Lightning,6,B,1,12
Florida,2015,126,Lightning,2,B,2,12
Georgia,1992,193,Debris Burning,2.79,B,0,12
Georgia,1993,269,Debris Burning,2.11,B,0,12
Georgia,1994,218,Debris Burning,2.08,B,0,16
Georgia,1995,201,Debris Burning,2.5,B,0,12
Georgia,1996,308,Debris Burning,2.1,B,0,12
Georgia,1997,169,Debris Burning,1.61,B,0,12
Georgia,1998,212,Debris Burning,2,B,0,12
Georgia,1999,317,Debris Burning,2,B,0,12
Georgia,2000,271,Debris Burning,2.12,B,0,12
Georgia,2001,298,Debris Burning,2.155,B,0,12
Georgia,2002,238,Debris Burning,2.35,B,1,12
Georgia,2003,103,Debris Burning,1.8,B,0,12
Georgia,2004,241,Debris Burning,2.2,B,0,12
Georgia,2005,161,Debris Burning,2.02,B,0,12
Georgia,2006,222,Debris Burning,2.07,B,0,12
Georgia,2007,243,Debris Burning,2.67,B,1,12
Georgia,2008,156,Debris Burning,2.025,B,0,12
Georgia,2009,110,Debris Burning,2,B,0,12
Georgia,2010,149,Debris Burning,1.94,B,0,12
Georgia,2011,258,Debris Burning,2.55,B,1,12
Georgia,2012,148,Debris Burning,2.36,B,0,12
Georgia,2013,109,Debris Burning,2.38,B,0,12
Georgia,2014,126,Debris Burning,2.55,B,0,12
Georgia,2015,91,Debris Burning,2.2,B,0,12
Hawaii,1992,4,Miscellaneous,2355,C,50,12
Hawaii,1996,1,Miscellaneous,300,E,1,12
Hawaii,1998,4,Missing/Undefined,4960,F,0,12
Hawaii,1999,2,Missing/Undefined,7500,G,0,12
Hawaii,2000,1,Missing/Undefined,1000,F,0,12
Hawaii,2001,7,Missing/Undefined,1,B,0,12
Hawaii,2002,6,Missing/Undefined,3,B,13,12
Hawaii,2003,14,Missing/Undefined,3,B,8,12
Hawaii,2004,9,Missing/Undefined,1,B,0,12
Hawaii,2005,12,Missing/Undefined,3.5,B,0,12
Hawaii,2006,8,Missing/Undefined,12,B,0,12
Hawaii,2007,12,Missing/Undefined,1.5,B,0,12
Hawaii,2008,2,Missing/Undefined,2.5,B,0,12
Hawaii,2009,6,Missing/Undefined,6,B,0,12
Hawaii,2010,10,Missing/Undefined,1.6,B,0,12
Hawaii,2011,4,Missing/Undefined,2.5,B,0,12
Hawaii,2012,5,Missing/Undefined,1,B,0,12
Hawaii,2015,1,Equipment Use,3884,F,10,12
Idaho,1992,54,Lightning,563,G,6,9
Idaho,1993,6,Lightning,4,B,4,9
Idaho,1994,73,Lightning,25,B,17,9
Idaho,1995,34,Lightning,3320,G,1,9
Idaho,1996,68,Lightning,3123.5,G,7,9
Idaho,1997,16,Lightning,8.85,B,3,9
Idaho,1998,40,Lightning,18.5,B,12,15
Idaho,1999,61,Lightning,52,B,9,9
Idaho,2000,98,Lightning,4209.8,G,28,9
Idaho,2001,49,Lightning,99,B,7,9
Idaho,2002,18,Lightning,1790.5,B,8,9
Idaho,2003,52,Lightning,1657.7,B,26,15
Idaho,2004,13,Lightning,6,B,9,9
Idaho,2005,58,Lightning,3968.5,G,23,15
Idaho,2006,71,Lightning,3908,G,21,9
Idaho,2007,97,Lightning,5280,G,40,9
Idaho,2008,20,Lightning,4083.5,G,14,9
Idaho,2009,13,Lightning,1.5,B,11,15
Idaho,2010,48,Lightning,145,B,8,9
Idaho,2011,46,Lightning,94,B,7,9
Idaho,2012,80,Lightning,4980.5,G,21,9
Idaho,2013,53,Lightning,4913,G,20,9
Idaho,2014,32,Lightning,62.2,B,18,9
Idaho,2015,59,Lightning,5250,G,14,9
Illinois,1992,1,Debris Burning,6,B,0,0
Illinois,1994,2,Debris Burning,11.5,B,0,0
Illinois,1995,5,Arson,15,C,0,0
Illinois,1999,1,Debris Burning,16.2,C,0,0
Illinois,2000,1,Lightning,14,C,11,0
Illinois,2001,2,Arson,13,C,0,0
Illinois,2003,1,Missing/Undefined,450,E,0,9
Illinois,2004,8,Debris Burning,2.5,B,0,0
Illinois,2005,3,Arson,10,C,0,0
Illinois,2006,3,Debris Burning,7.6,B,0,0
Illinois,2007,5,Miscellaneous,2,B,0,0
Illinois,2008,10,Miscellaneous,3.5,B,0,0
Illinois,2009,8,Miscellaneous,2,B,0,0
Illinois,2010,9,Miscellaneous,1.5,B,0,0
Illinois,2011,7,Miscellaneous,4,B,0,0
Illinois,2012,9,Miscellaneous,2,B,0,0
Illinois,2013,4,Miscellaneous,3,B,0,0
Illinois,2014,6,Miscellaneous,1,B,0,9
Illinois,2015,3,Debris Burning,4,B,0,0
Indiana,1992,3,Arson,4.3,B,0,15
Indiana,1993,1,Arson,3.5,B,0,15
Indiana,1994,1,Railroad,0.6,B,0,15
Indiana,1995,8,Miscellaneous,7.5,B,0,15
Indiana,1999,3,Arson,40,B,0,0
Indiana,2000,2,Children,28,B,0,15
Indiana,2001,3,Debris Burning,3,B,0,0
Indiana,2002,3,Children,2,B,0,15
Indiana,2003,5,Miscellaneous,3,B,0,0
Indiana,2004,3,Campfire,2,B,0,0
Indiana,2005,3,Arson,1,B,0,0
Indiana,2006,1,Miscellaneous,0.6,B,0,15
Indiana,2007,2,Arson,1,B,0,0
Indiana,2008,1,Lightning,1,B,0,0
Indiana,2010,2,Debris Burning,3.5,B,0,0
Indiana,2012,1,Arson,10,C,0,0
Indiana,2014,2,Debris Burning,2.55,B,0,0
Iowa,1997,1,Miscellaneous,2,B,0,15
Iowa,2002,1,Miscellaneous,2.2,B,0,15
Iowa,2003,1,Equipment Use,3,B,0,9
Iowa,2004,1,Miscellaneous,3,B,0,15
Iowa,2005,3,Miscellaneous,2,B,0,15
Iowa,2006,20,Missing/Undefined,2.5,B,0,9
Iowa,2007,3,Missing/Undefined,5,B,0,9
Iowa,2008,6,Missing/Undefined,3.5,B,0,9
Iowa,2009,31,Missing/Undefined,3,B,0,9
Iowa,2010,10,Missing/Undefined,1.25,B,0,9
Iowa,2011,14,Missing/Undefined,7.5,B,0,15
Iowa,2012,24,Debris Burning,4.5,B,0,15
Iowa,2013,7,Debris Burning,20,C,0,15
Iowa,2014,24,Debris Burning,3,B,0,15
Iowa,2015,19,Debris Burning,9,B,0,15
Kansas,1993,1,Arson,11,C,0,0
Kansas,1994,8,Missing/Undefined,7000,G,0,0
Kansas,1995,1,Missing/Undefined,1000,F,0,0
Kansas,1996,10,Missing/Undefined,11000,G,0,0
Kansas,1997,2,Missing/Undefined,5500,G,0,0
Kansas,1998,2,Debris Burning,306.25,C,2,0
Kansas,1999,2,Debris Burning,848.8,D,0,0
Kansas,2000,2,Miscellaneous,20,C,0,0
Kansas,2001,4,Debris Burning,15,C,0,0
Kansas,2002,7,Missing/Undefined,5500,G,0,0
Kansas,2003,4,Arson,57.5,C,0,0
Kansas,2004,1,Campfire,1,B,0,0
Kansas,2005,6,Debris Burning,66,C,0,0
Kansas,2006,17,Missing/Undefined,20,B,1,0
Kansas,2007,5,Missing/Undefined,500,C,0,0
Kansas,2008,7,Missing/Undefined,6000,G,0,0
Kansas,2009,3,Missing/Undefined,4800,F,1,0
Kansas,2010,4,Equipment Use,3577,F,2,0
Kansas,2011,9,Missing/Undefined,9600,G,3,0
Kansas,2012,15,Missing/Undefined,3200,G,8,0
Kansas,2013,1,Missing/Undefined,6500,G,0,0
Kansas,2014,5,Missing/Undefined,3100,F,1,0
Kansas,2015,147,Debris Burning,5,B,0,0
Kentucky,1992,4,Arson,8,B,1,0
Kentucky,1993,1,Children,8,B,0,0
Kentucky,1994,6,Arson,20.5,B,3,0
Kentucky,1995,5,Arson,27,C,1,0
Kentucky,1996,3,Arson,4,B,1,0
Kentucky,1997,34,Arson,4.5,B,0,0
Kentucky,1998,38,Arson,4,B,0,0
Kentucky,1999,109,Arson,7,B,0,0
Kentucky,2000,65,Arson,10,B,0,0
Kentucky,2001,91,Arson,15,B,0,0
Kentucky,2002,51,Debris Burning,3,B,0,0
Kentucky,2003,41,Missing/Undefined,4,B,0,0
Kentucky,2004,43,Missing/Undefined,5,B,0,0
Kentucky,2005,85,Missing/Undefined,8,B,0,0
Kentucky,2006,78,Missing/Undefined,5,B,0,0
Kentucky,2007,111,Debris Burning,5,B,0,0
Kentucky,2008,85,Debris Burning,5,B,0,0
Kentucky,2009,68,Debris Burning,10,B,0,0
Kentucky,2010,85,Debris Burning,5,B,0,0
Kentucky,2011,47,Debris Burning,5,B,0,0
Kentucky,2012,56,Debris Burning,5,B,0,0
Kentucky,2013,49,Debris Burning,4,B,0,0
Kentucky,2014,60,Debris Burning,8,B,0,0
Kentucky,2015,34,Debris Burning,3.5,B,0,0
Louisiana,1992,10,Arson,27.5,C,0,12
Louisiana,1993,6,Arson,9.2,B,0,12
Louisiana,1994,4,Arson,4.75,B,3,12
Louisiana,1995,4,Arson,12.5,C,0,12
Louisiana,1996,8,Arson,35,C,0,12
Louisiana,1997,56,Miscellaneous,4,B,0,12
Louisiana,1998,96,Miscellaneous,3,B,0,12
Louisiana,1999,114,Miscellaneous,3,B,0,12
Louisiana,2000,185,Miscellaneous,5,B,0,12
Louisiana,2001,43,Miscellaneous,3,B,0,12
Louisiana,2002,64,Arson,3,B,0,12
Louisiana,2003,8,Lightning,154,B,1,12
Louisiana,2004,4,Arson,128,B,1,12
Louisiana,2005,144,Lightning,3,B,0,12
Louisiana,2006,143,Arson,3,B,0,12
Louisiana,2007,2,Arson,8.5,B,0,12
Louisiana,2008,59,Arson,5,B,0,12
Louisiana,2009,61,Missing/Undefined,3.1,B,1,12
Louisiana,2010,110,Lightning,5,B,0,12
Louisiana,2011,8,Miscellaneous,2564.5,G,4,12
Louisiana,2012,39,Debris Burning,3.3,B,0,12
Louisiana,2013,50,Arson,5.63,B,0,12
Louisiana,2014,38,Debris Burning,4.36,B,0,12
Louisiana,2015,38,Missing/Undefined,4.815,B,0,12
Maine,1992,14,Debris Burning,2,B,0,15
Maine,1993,18,Debris Burning,1.75,B,0,15
Maine,1994,10,Missing/Undefined,1.5,B,0,15
Maine,1995,11,Missing/Undefined,1,B,0,15
Maine,1996,3,Missing/Undefined,2,B,0,9
Maine,1997,5,Missing/Undefined,4.5,B,0,9
Maine,1998,10,Missing/Undefined,1,B,0,15
Maine,1999,11,Missing/Undefined,3,B,0,15
Maine,2000,4,Missing/Undefined,1.25,B,0,15
Maine,2001,14,Missing/Undefined,1.725,B,0,15
Maine,2002,6,Missing/Undefined,2.9,B,0,15
Maine,2003,8,Debris Burning,1.3,B,0,9
Maine,2004,3,Missing/Undefined,1.5,B,0,15
Maine,2005,3,Debris Burning,2.51,B,0,15
Maine,2006,10,Debris Burning,1.95,B,0,15
Maine,2007,5,Debris Burning,1.7,B,0,15
Maine,2008,5,Debris Burning,2,B,0,15
Maine,2009,7,Debris Burning,1.5,B,0,15
Maine,2010,3,Arson,2,B,0,9
Maine,2011,2,Arson,1.65,B,0,15
Maine,2012,8,Debris Burning,1,B,0,15
Maine,2013,8,Debris Burning,2.35,B,0,15
Maine,2014,3,Arson,1,B,0,15
Maine,2015,8,Debris Burning,2,B,0,15
Maryland,1994,1,Arson,30,C,0,0
Maryland,1995,2,Arson,1.55,B,0,0
Maryland,1997,1,Arson,2,B,0,0
Maryland,1998,2,Arson,145,C,0,0
Maryland,1999,1,Arson,100,D,0,0
Maryland,2000,1,Debris Burning,25,C,0,0
Maryland,2002,1,Lightning,168,D,0,0
Maryland,2005,5,Arson,2.7,B,0,0
Maryland,2006,10,Arson,1.85,B,0,0
Maryland,2007,10,Debris Burning,9.6,B,1,0
Maryland,2008,7,Debris Burning,3,B,0,0
Maryland,2009,3,Missing/Undefined,1.3,B,0,0
Maryland,2010,4,Missing/Undefined,1.1,B,0,0
Maryland,2011,8,Miscellaneous,4,B,0,0
Maryland,2012,2,Arson,11.3,B,0,0
Maryland,2013,2,Debris Burning,4.6,B,0,0
Maryland,2014,4,Debris Burning,12.2,B,0,0
Maryland,2015,4,Debris Burning,2.2,B,0,0
Massachusetts,2001,2,Equipment Use,1,B,0,15
Massachusetts,2002,6,Arson,1,B,0,15
Massachusetts,2003,1,Miscellaneous,1,B,0,4
Massachusetts,2004,1,Campfire,1,B,0,9
Massachusetts,2006,2,Campfire,3,B,0,9
Massachusetts,2007,2,Miscellaneous,93.5,B,0,4
Massachusetts,2015,19,Miscellaneous,1,B,0,9
Michigan,1992,28,Debris Burning,3.5,B,2,15
Michigan,1993,6,Debris Burning,3,B,0,15
Michigan,1994,22,Miscellaneous,4.75,B,1,15
Michigan,1995,13,Debris Burning,3,B,3,15
Michigan,1996,10,Debris Burning,3.25,B,1,15
Michigan,1997,3,Arson,2.5,B,0,15
Michigan,1998,3,Campfire,12.5,B,2,15
Michigan,1999,7,Campfire,2,B,1,15
Michigan,2000,5,Debris Burning,10,B,2,15
Michigan,2001,11,Debris Burning,6.3,B,0,9
Michigan,2002,8,Arson,5.25,B,0,9
Michigan,2003,21,Debris Burning,4.3,B,0,15
Michigan,2004,11,Arson,2.5,B,0,9
Michigan,2005,16,Debris Burning,2,B,0,9
Michigan,2006,14,Debris Burning,2.5,B,1,15
Michigan,2007,16,Miscellaneous,2.6,B,4,15
Michigan,2008,12,Miscellaneous,2.5,B,0,9
Michigan,2009,13,Debris Burning,3,B,0,9
Michigan,2010,10,Debris Burning,1.6,B,1,9
Michigan,2011,7,Missing/Undefined,4.6,B,0,15
Michigan,2012,22,Campfire,2.45,B,0,15
Michigan,2013,9,Missing/Undefined,6.4,B,0,9
Michigan,2014,4,Debris Burning,3.75,B,0,15
Michigan,2015,14,Debris Burning,3,B,0,9
Minnesota,1992,23,Debris Burning,2,B,0,15
Minnesota,1993,46,Debris Burning,3,B,0,15
Minnesota,1994,54,Debris Burning,2,B,0,15
Minnesota,1995,53,Debris Burning,5,B,2,15
Minnesota,1996,43,Debris Burning,3,B,1,15
Minnesota,1997,46,Debris Burning,2,B,0,15
Minnesota,1998,50,Arson,3.25,B,0,15
Minnesota,1999,57,Debris Burning,2,B,0,15
Minnesota,2000,81,Arson,3,B,0,15
Minnesota,2001,27,Arson,3.5,B,0,15
Minnesota,2002,44,Debris Burning,2,B,2,15
Minnesota,2003,98,Debris Burning,2.8,B,0,15
Minnesota,2004,52,Debris Burning,3,B,0,15
Minnesota,2005,45,Arson,2,B,0,15
Minnesota,2006,62,Arson,3.25,B,2,15
Minnesota,2007,48,Arson,2.75,B,1,15
Minnesota,2008,23,Arson,2,B,0,15
Minnesota,2009,25,Arson,2,B,0,15
Minnesota,2010,61,Arson,3,B,0,15
Minnesota,2011,27,Arson,4,B,4,15
Minnesota,2012,50,Arson,2.25,B,0,15
Minnesota,2013,32,Debris Burning,2.25,B,0,15
Minnesota,2014,30,Children,2,B,0,15
Minnesota,2015,51,Debris Burning,4,B,1,15
Mississippi,1992,237,Arson,5,B,0,12
Mississippi,1993,192,Arson,5,B,0,12
Mississippi,1994,163,Arson,5,B,0,12
Mississippi,1995,216,Arson,5,B,0,12
Mississippi,1996,202,Arson,6,B,0,12
Mississippi,1997,125,Arson,5,B,0,12
Mississippi,1998,175,Arson,4,B,0,12
Mississippi,1999,265,Arson,4,B,0,12
Mississippi,2000,155,Arson,4,B,0,12
Mississippi,2001,133,Arson,4,B,0,12
Mississippi,2002,118,Arson,5,B,0,12
Mississippi,2003,93,Arson,5,B,0,12
Mississippi,2004,126,Arson,4,B,0,12
Mississippi,2005,166,Arson,4,B,0,12
Mississippi,2006,271,Arson,5,B,0,12
Mississippi,2007,122,Debris Burning,5,B,0,12
Mississippi,2008,106,Missing/Undefined,5,B,0,12
Mississippi,2009,102,Missing/Undefined,5,B,0,12
Mississippi,2010,132,Missing/Undefined,4,B,0,12
Mississippi,2011,59,Missing/Undefined,5,B,0,12
Mississippi,2012,60,Arson,4,B,0,12
Mississippi,2013,66,Arson,3,B,0,12
Mississippi,2014,105,Debris Burning,4,B,0,12
Mississippi,2015,104,Debris Burning,3,B,0,12
Missouri,1992,88,Debris Burning,3,B,0,0
Missouri,1993,41,Debris Burning,3,B,0,0
Missouri,1994,84,Debris Burning,4.5,B,0,0
Missouri,1995,100,Debris Burning,5.5,B,0,0
Missouri,1996,18,Debris Burning,5,B,0,0
Missouri,1997,69,Debris Burning,4,B,0,0
Missouri,1998,21,Debris Burning,4,B,0,0
Missouri,1999,61,Debris Burning,4,B,0,0
Missouri,2000,30,Debris Burning,3,B,0,0
Missouri,2001,37,Debris Burning,8,B,0,0
Missouri,2002,35,Debris Burning,5,B,0,0
Missouri,2003,13,Campfire,2,B,0,0
Missouri,2004,6,Debris Burning,22.25,B,0,0
Missouri,2005,14,Debris Burning,10,C,0,0
Missouri,2006,18,Missing/Undefined,14.4,B,1,0
Missouri,2007,14,Arson,5,B,0,0
Missouri,2008,2,Arson,1,B,0,0
Missouri,2009,9,Arson,10,B,0,0
Missouri,2010,10,Arson,33.4,B,0,0
Missouri,2011,35,Debris Burning,1.5,B,0,0
Missouri,2012,8,Arson,34.7,C,0,0
Missouri,2013,19,Miscellaneous,2,B,0,0
Missouri,2014,61,Debris Burning,2,B,0,0
Missouri,2015,35,Miscellaneous,2,B,0,0
Montana,1992,31,Missing/Undefined,3,B,2,15
Montana,1993,11,Debris Burning,15,B,0,15
Montana,1994,66,Lightning,8.5,B,11,15
Montana,1995,23,Debris Burning,2,B,1,15
Montana,1996,46,Lightning,7.5,B,5,15
Montana,1997,14,Lightning,2,B,0,15
Montana,1998,38,Lightning,5,B,7,15
Montana,1999,46,Lightning,3.5,B,1,15
Montana,2000,94,Lightning,482,B,29,15
Montana,2001,35,Lightning,4,B,6,15
Montana,2002,28,Lightning,7.5,B,4,15
Montana,2003,80,Lightning,3176.25,G,25,15
Montana,2004,18,Lightning,9.5,B,1,15
Montana,2005,44,Lightning,5,B,12,15
Montana,2006,77,Lightning,24.5,B,9,15
Montana,2007,57,Lightning,5284,G,31,15
Montana,2008,46,Lightning,8.3,B,2,15
Montana,2009,28,Lightning,3.05,B,8,15
Montana,2010,18,Lightning,3,B,6,15
Montana,2011,25,Lightning,25,B,27,15
Montana,2012,71,Lightning,4033,G,19,15
Montana,2013,27,Lightning,18,B,21,15
Montana,2014,25,Lightning,4.5,B,3,15
Montana,2015,49,Lightning,3203.4,G,16,15
Nebraska,1992,1,Debris Burning,8.1,B,0,9
Nebraska,1994,2,Debris Burning,15.75,C,0,9
Nebraska,1995,6,Missing/Undefined,5192.5,G,0,15
Nebraska,1996,3,Debris Burning,160,B,0,9
Nebraska,1997,3,Equipment Use,6000,G,0,9
Nebraska,1998,5,Lightning,3600,F,0,4
Nebraska,1999,8,Missing/Undefined,8960,G,0,15
Nebraska,2000,8,Lightning,11621,G,4,9
Nebraska,2001,2,Equipment Use,3.5,B,0,9
Nebraska,2002,7,Smoking,40,C,0,9
Nebraska,2003,5,Miscellaneous,1,B,0,9
Nebraska,2004,2,Debris Burning,22.5,C,0,9
Nebraska,2005,12,Arson,5,B,0,9
Nebraska,2006,10,Equipment Use,1625,G,7,4
Nebraska,2007,36,Equipment Use,3.5,B,0,15
Nebraska,2008,17,Debris Burning,5,B,0,15
Nebraska,2009,27,Debris Burning,3,B,0,15
Nebraska,2010,22,Debris Burning,4,B,0,15
Nebraska,2011,31,Debris Burning,3,B,0,15
Nebraska,2012,53,Lightning,10,B,2,15
Nebraska,2013,9,Debris Burning,6,B,0,15
Nebraska,2014,25,Debris Burning,2,B,0,15
Nebraska,2015,19,Equipment Use,4,B,0,15
Nevada,1992,10,Lightning,1807.5,B,3,15
Nevada,1993,11,Lightning,150,C,2,0
Nevada,1994,23,Lightning,3353,G,2,15
Nevada,1995,19,Lightning,1200,G,2,15
Nevada,1996,53,Lightning,5275,G,4,15
Nevada,1997,14,Lightning,87.5,B,3,0
Nevada,1998,15,Lightning,3250,G,2,15
Nevada,1999,76,Lightning,9058.5,G,4,15
Nevada,2000,52,Lightning,5732.95,G,6,15
Nevada,2001,42,Lightning,5143.5,G,5,15
Nevada,2002,11,Lightning,27.8,C,5,0
Nevada,2003,7,Lightning,7.3,B,3,0
Nevada,2004,14,Lightning,8.5,B,2,0
Nevada,2005,41,Lightning,6607,G,5,0
Nevada,2006,76,Lightning,4481.5,G,5,15
Nevada,2007,53,Lightning,6442,G,9,15
Nevada,2008,12,Lightning,20,B,18,0
Nevada,2009,8,Debris Burning,11.75,B,3,0
Nevada,2010,3,Lightning,3842,B,3,15
Nevada,2011,26,Lightning,4985.5,G,5,15
Nevada,2012,54,Lightning,4181.5,G,6,15
Nevada,2013,19,Lightning,4176,G,19,0
Nevada,2014,12,Lightning,1040.5,G,17,15
Nevada,2015,7,Lightning,4,B,3,15
New Hampshire,1992,2,Miscellaneous,3.5,B,0,4
New Hampshire,1993,2,Miscellaneous,2.795,B,0,4
New Hampshire,1994,3,Arson,1.5,B,0,9
New Hampshire,1995,5,Children,0.92,B,0,4
New Hampshire,1996,1,Debris Burning,0.75,B,0,9
New Hampshire,1998,10,Miscellaneous,2.21,B,0,4
New Hampshire,2000,1,Equipment Use,2,B,0,9
New Hampshire,2001,3,Debris Burning,5,B,0,9
New Hampshire,2002,4,Miscellaneous,1.25,B,0,4
New Hampshire,2003,2,Debris Burning,2.15,B,0,15
New Hampshire,2004,3,Miscellaneous,0.75,B,0,4
New Hampshire,2005,2,Debris Burning,5.375,B,0,9
New Hampshire,2006,3,Debris Burning,1.5,B,0,4
New Hampshire,2007,2,Miscellaneous,1.69,B,0,4
New Hampshire,2008,2,Campfire,3.75,B,0,4
New Hampshire,2009,5,Debris Burning,1.5,B,0,9
New Hampshire,2010,1,Miscellaneous,0.75,B,0,9
New Hampshire,2012,4,Debris Burning,1,B,0,9
New Hampshire,2013,1,Powerline,2.2,B,0,9
New Hampshire,2014,2,Miscellaneous,12.5,B,0,4
New Hampshire,2015,1,Fireworks,3,B,0,9
New Jersey,1992,9,Arson,2,B,0,0
New Jersey,1993,9,Arson,1,B,0,0
New Jersey,1994,12,Arson,3.125,B,0,0
New Jersey,1995,29,Arson,2,B,0,0
New Jersey,1996,10,Arson,3,B,0,0
New Jersey,1997,13,Arson,1,B,0,0
New Jersey,1998,12,Arson,1,B,0,0
New Jersey,1999,24,Miscellaneous,2,B,0,0
New Jersey,2000,12,Arson,3.75,B,0,0
New Jersey,2001,15,Arson,2,B,0,0
New Jersey,2002,15,Arson,2.25,B,0,0
New Jersey,2003,5,Miscellaneous,3.75,B,0,15
New Jersey,2004,2,Miscellaneous,2.375,B,0,0
New Jersey,2005,7,Children,1.5,B,0,0
New Jersey,2006,10,Arson,2,B,0,0
New Jersey,2007,7,Arson,1.5,B,1,0
New Jersey,2008,9,Arson,2,B,0,0
New Jersey,2010,9,Arson,1,B,0,0
New Jersey,2011,2,Miscellaneous,0.875,B,0,0
New Jersey,2012,12,Miscellaneous,1,B,12,0
New Jersey,2013,7,Equipment Use,2,B,5,15
New Jersey,2014,7,Campfire,6,B,8,0
New Jersey,2015,7,Arson,2,B,3,0
New Mexico,1992,31,Lightning,10,B,15,16
New Mexico,1993,58,Lightning,112.5,B,11,16
New Mexico,1994,108,Missing/Undefined,45,B,5,16
New Mexico,1995,42,Missing/Undefined,9.5,B,9,16
New Mexico,1996,54,Missing/Undefined,6.25,B,6,16
New Mexico,1997,42,Missing/Undefined,4,B,6,16
New Mexico,1998,35,Missing/Undefined,10,B,2,16
New Mexico,1999,28,Missing/Undefined,3.25,B,1,16
New Mexico,2000,104,Lightning,12.5,B,7,16
New Mexico,2001,34,Lightning,5,B,6,16
New Mexico,2002,56,Lightning,8.5,B,7,16
New Mexico,2003,46,Lightning,6,B,21,16
New Mexico,2004,15,Lightning,22.9,B,16,16
New Mexico,2005,29,Lightning,5,B,12,16
New Mexico,2006,74,Lightning,3845,G,3,16
New Mexico,2007,31,Lightning,125,B,9,16
New Mexico,2008,42,Missing/Undefined,3307,G,5,16
New Mexico,2009,64,Lightning,49.5,B,6,12
New Mexico,2010,40,Lightning,79.35,B,5,16
New Mexico,2011,104,Lightning,2139.5,G,5,12
New Mexico,2012,39,Lightning,3.2,B,6,16
New Mexico,2013,20,Lightning,3.5,B,9,16
New Mexico,2014,18,Lightning,20.785,B,8,16
New Mexico,2015,18,Lightning,4.45,B,5,16
New York,1992,14,Debris Burning,2,B,0,9
New York,1993,13,Debris Burning,2,B,0,15
New York,1994,8,Miscellaneous,1,B,0,9
New York,1995,18,Arson,2.5,B,0,9
New York,1996,7,Debris Burning,1,B,0,9
New York,1997,6,Debris Burning,4.5,B,0,9
New York,1998,13,Debris Burning,1,B,0,15
New York,1999,34,Debris Burning,2,B,0,9
New York,2000,38,Miscellaneous,1.34,B,0,15
New York,2001,74,Miscellaneous,1,B,0,15
New York,2002,70,Miscellaneous,1.4,B,0,15
New York,2003,94,Miscellaneous,1.33,B,0,9
New York,2004,60,Miscellaneous,1.25,B,0,15
New York,2005,125,Miscellaneous,1.5,B,0,9
New York,2006,162,Miscellaneous,1.31,B,0,9
New York,2007,102,Miscellaneous,1.5,B,0,15
New York,2008,125,Miscellaneous,1.29,B,0,9
New York,2009,115,Miscellaneous,1.36,B,0,9
New York,2010,77,Miscellaneous,1.33,B,0,15
New York,2011,28,Miscellaneous,1.18,B,0,15
New York,2012,46,Miscellaneous,1.64,B,0,15
New York,2013,34,Miscellaneous,1.49,B,0,9
New York,2014,61,Miscellaneous,1.2,B,54,15
New York,2015,94,Miscellaneous,1.335,B,0,15
North Carolina,1992,166,Debris Burning,2,B,0,15
North Carolina,1993,144,Debris Burning,1,B,0,15
North Carolina,1994,147,Debris Burning,2,B,0,15
North Carolina,1995,145,Debris Burning,1,B,0,15
North Carolina,1996,102,Debris Burning,2,B,0,15
North Carolina,1997,110,Debris Burning,2,B,0,15
North Carolina,1998,114,Debris Burning,2,B,0,15
North Carolina,1999,102,Debris Burning,3,B,0,15
North Carolina,2000,138,Debris Burning,2.35,B,0,15
North Carolina,2001,193,Debris Burning,2,B,0,15
North Carolina,2002,140,Debris Burning,2.25,B,0,15
North Carolina,2003,45,Debris Burning,2,B,0,15
North Carolina,2004,80,Debris Burning,1.5,B,0,15
North Carolina,2005,105,Debris Burning,2,B,0,15
North Carolina,2006,110,Debris Burning,3,B,0,15
North Carolina,2007,169,Missing/Undefined,2.5,B,0,15
North Carolina,2008,87,Missing/Undefined,2,B,1,15
North Carolina,2009,73,Debris Burning,4,B,0,15
North Carolina,2010,85,Debris Burning,2,B,0,15
North Carolina,2011,107,Missing/Undefined,3,B,3,15
North Carolina,2012,61,Debris Burning,3,B,0,15
North Carolina,2013,63,Debris Burning,2,B,0,15
North Carolina,2014,73,Debris Burning,2,B,0,15
North Carolina,2015,32,Debris Burning,2,B,0,15
North Dakota,1992,12,Arson,3,B,0,15
North Dakota,1993,13,Miscellaneous,2,B,0,15
North Dakota,1994,9,Miscellaneous,2,B,0,15
North Dakota,1995,6,Arson,4,B,0,15
North Dakota,1996,20,Arson,5,B,0,15
North Dakota,1997,14,Arson,5,B,0,15
North Dakota,1998,9,Arson,5,B,0,15
North Dakota,1999,16,Arson,8.5,B,1,15
North Dakota,2000,23,Arson,6,B,0,15
North Dakota,2001,22,Arson,2.25,B,0,15
North Dakota,2002,31,Arson,5,B,1,15
North Dakota,2003,36,Arson,2.25,B,0,15
North Dakota,2004,40,Arson,1,B,0,15
North Dakota,2005,44,Arson,1,B,0,15
North Dakota,2006,45,Arson,1,B,0,15
North Dakota,2007,28,Arson,1.9,B,0,15
North Dakota,2008,30,Arson,1.2,B,0,15
North Dakota,2009,15,Arson,1,B,0,15
North Dakota,2010,16,Arson,1,B,0,15
North Dakota,2011,7,Arson,1,B,0,15
North Dakota,2012,45,Arson,3,B,0,15
North Dakota,2013,18,Arson,1.5,B,0,15
North Dakota,2014,12,Arson,1.5,B,0,15
North Dakota,2015,33,Arson,2,B,0,15
Ohio,1995,2,Arson,4.5,B,0,0
Ohio,1998,2,Arson,2,B,0,0
Ohio,1999,2,Arson,102.5,C,2,0
Ohio,2000,1,Miscellaneous,7.3,B,0,15
Ohio,2001,2,Equipment Use,9,B,0,0
Ohio,2002,4,Arson,2.5,B,7,0
Ohio,2003,4,Arson,20,C,0,0
Ohio,2004,1,Arson,3,B,0,0
Ohio,2005,3,Debris Burning,5,B,0,0
Ohio,2006,8,Campfire,1.5,B,0,0
Ohio,2007,11,Debris Burning,1,B,0,0
Ohio,2008,7,Miscellaneous,2,B,0,0
Ohio,2009,11,Debris Burning,1,B,0,0
Ohio,2010,8,Debris Burning,5.5,B,1,0
Ohio,2012,5,Equipment Use,2,B,0,0
Ohio,2013,15,Debris Burning,2,B,0,0
Ohio,2014,24,Debris Burning,3.5,B,0,0
Ohio,2015,18,Debris Burning,2,B,0,0
Oklahoma,1992,56,Missing/Undefined,8,B,0,16
Oklahoma,1993,87,Missing/Undefined,6,B,0,16
Oklahoma,1994,76,Missing/Undefined,5,B,0,16
Oklahoma,1995,108,Missing/Undefined,7,B,0,16
Oklahoma,1996,112,Missing/Undefined,8,B,0,16
Oklahoma,1997,37,Miscellaneous,5,B,0,15
Oklahoma,1998,48,Miscellaneous,5,B,0,15
Oklahoma,1999,81,Miscellaneous,5,B,0,16
Oklahoma,2000,81,Miscellaneous,5,B,1,16
Oklahoma,2001,78,Miscellaneous,5,B,0,16
Oklahoma,2002,79,Miscellaneous,5,B,0,16
Oklahoma,2003,70,Arson,9.15,B,0,16
Oklahoma,2004,74,Arson,8,B,0,16
Oklahoma,2005,132,Missing/Undefined,15,B,1,15
Oklahoma,2006,156,Missing/Undefined,20,B,1,16
Oklahoma,2007,55,Missing/Undefined,8,B,0,16
Oklahoma,2008,83,Missing/Undefined,8.9,B,0,16
Oklahoma,2009,105,Arson,15,B,1,15
Oklahoma,2010,104,Arson,8.5,B,0,15
Oklahoma,2011,121,Arson,15,B,1,16
Oklahoma,2012,77,Arson,9,B,3,15
Oklahoma,2013,33,Arson,10,B,0,16
Oklahoma,2014,54,Debris Burning,17.3,B,2,0
Oklahoma,2015,56,Arson,17.15,B,1,16
Oregon,1992,33,Lightning,5,B,2,15
Oregon,1993,8,Debris Burning,4,B,0,9
Oregon,1994,50,Lightning,30.25,B,4,9
Oregon,1995,18,Debris Burning,4.75,B,3,9
Oregon,1996,66,Lightning,244.6,G,9,9
Oregon,1997,19,Lightning,3,B,1,9
Oregon,1998,35,Lightning,4,B,2,15
Oregon,1999,53,Lightning,5,B,2,9
Oregon,2000,37,Lightning,140,B,5,15
Oregon,2001,44,Lightning,400,G,7,9
Oregon,2002,54,Lightning,17.95,B,28,9
Oregon,2003,30,Lightning,28.75,B,15,15
Oregon,2004,18,Lightning,2.5,B,7,9
Oregon,2005,26,Lightning,6.3,B,7,15
Oregon,2006,57,Lightning,90,B,9,15
Oregon,2007,44,Lightning,3523,G,15,9
Oregon,2008,35,Lightning,29,B,10,9
Oregon,2009,25,Lightning,30.4,B,17,9
Oregon,2010,21,Lightning,148,B,16,15
Oregon,2011,39,Lightning,3384,G,16,15
Oregon,2012,30,Lightning,5895.5,G,21,15
Oregon,2013,40,Lightning,85.5,G,11,9
Oregon,2014,71,Lightning,3975,G,28,9
Oregon,2015,48,Lightning,3882,G,22,15
Pennsylvania,1992,1,Miscellaneous,1.1,B,0,14
Pennsylvania,1994,1,Lightning,1.5,B,0,15
Pennsylvania,1999,1,Miscellaneous,7.1,B,0,15
Pennsylvania,2002,12,Arson,3,B,0,15
Pennsylvania,2003,12,Debris Burning,4.15,B,0,15
Pennsylvania,2004,3,Debris Burning,3,B,0,15
Pennsylvania,2005,27,Debris Burning,2,B,0,15
Pennsylvania,2006,20,Arson,1.5425,B,0,15
Pennsylvania,2007,7,Arson,1.9,B,0,15
Pennsylvania,2008,14,Debris Burning,2.4,B,0,15
Pennsylvania,2009,21,Debris Burning,2,B,0,15
Pennsylvania,2010,17,Arson,3,B,0,15
Pennsylvania,2011,1,Railroad,11,C,0,15
Pennsylvania,2012,21,Arson,2.5,B,0,15
Pennsylvania,2013,8,Debris Burning,1.625,B,0,15
Pennsylvania,2014,19,Debris Burning,2,B,0,15
Pennsylvania,2015,22,Debris Burning,1.1,B,0,15
Puerto Rico,2003,116,Missing/Undefined,2,B,0,12
Puerto Rico,2004,59,Missing/Undefined,2,B,0,12
Puerto Rico,2005,149,Missing/Undefined,2,B,0,12
Puerto Rico,2006,89,Missing/Undefined,2,B,0,12
Puerto Rico,2007,147,Missing/Undefined,3,B,0,12
Puerto Rico,2008,2,Arson,72.5,C,2,12
Puerto Rico,2009,55,Missing/Undefined,1.5,B,0,12
Puerto Rico,2010,57,Missing/Undefined,2,B,0,12
Puerto Rico,2011,90,Missing/Undefined,2,B,0,12
Puerto Rico,2012,1,Lightning,1,B,0,12
Puerto Rico,2015,1,Missing/Undefined,967,E,0,12
Rhode Island,2005,2,Campfire,2.5,B,0,15
Rhode Island,2006,3,Arson,1,B,0,15
Rhode Island,2007,1,Arson,1,B,0,15
Rhode Island,2008,1,Powerline,1,B,0,15
Rhode Island,2009,1,Arson,0.75,B,0,15
Rhode Island,2011,1,Debris Burning,0.6,B,0,15
Rhode Island,2015,1,Campfire,10.8,C,0,15
South Carolina,1992,170,Missing/Undefined,3,B,0,16
South Carolina,1993,179,Missing/Undefined,3,B,0,16
South Carolina,1994,162,Missing/Undefined,3,B,0,16
South Carolina,1995,117,Missing/Undefined,3,B,0,16
South Carolina,1996,160,Missing/Undefined,3,B,0,16
South Carolina,1997,118,Miscellaneous,3,B,0,16
South Carolina,1998,110,Debris Burning,2.75,B,0,16
South Carolina,1999,182,Arson,2,B,0,16
South Carolina,2000,158,Debris Burning,2,B,0,16
South Carolina,2001,192,Debris Burning,2,B,0,16
South Carolina,2002,153,Debris Burning,4,B,0,16
South Carolina,2003,58,Debris Burning,3,B,0,16
South Carolina,2004,110,Debris Burning,3,B,0,16
South Carolina,2005,100,Debris Burning,3.3,B,0,16
South Carolina,2006,90,Debris Burning,3,B,0,16
South Carolina,2007,149,Debris Burning,2,B,0,16
South Carolina,2008,90,Debris Burning,3,B,0,16
South Carolina,2009,47,Debris Burning,4,B,0,16
South Carolina,2010,69,Debris Burning,2,B,0,16
South Carolina,2011,131,Debris Burning,3,B,0,16
South Carolina,2012,67,Debris Burning,2.3,B,0,16
South Carolina,2013,50,Debris Burning,3,B,0,16
South Carolina,2014,75,Debris Burning,3,B,0,16
South Carolina,2015,43,Debris Burning,2.5,B,0,16
South Dakota,1992,23,Debris Burning,10,B,0,9
South Dakota,1993,10,Debris Burning,1.5,B,0,9
South Dakota,1994,15,Debris Burning,3,B,0,9
South Dakota,1995,15,Debris Burning,3,B,0,9
South Dakota,1996,17,Children,4,B,0,15
South Dakota,1997,8,Lightning,1.2,B,0,9
South Dakota,1998,12,Lightning,1.75,B,0,9
South Dakota,1999,34,Children,7.5,B,0,9
South Dakota,2000,96,Lightning,15,B,1,9
South Dakota,2001,32,Lightning,7.5,B,1,15
South Dakota,2002,46,Children,5,B,1,9
South Dakota,2003,46,Equipment Use,5,B,0,9
South Dakota,2004,18,Debris Burning,2,B,0,15
South Dakota,2005,34,Lightning,3.75,B,1,9
South Dakota,2006,91,Lightning,10,B,0,9
South Dakota,2007,39,Lightning,3,B,0,9
South Dakota,2008,29,Debris Burning,12,B,0,15
South Dakota,2009,24,Debris Burning,15.9,B,0,9
South Dakota,2010,5,Arson,50,C,1,9
South Dakota,2011,46,Miscellaneous,2.535,B,0,9
South Dakota,2012,89,Miscellaneous,5,B,0,9
South Dakota,2013,15,Miscellaneous,6,B,0,15
South Dakota,2014,19,Miscellaneous,5.1,B,0,9
South Dakota,2015,26,Miscellaneous,15,B,1,9
Tennessee,1992,3,Arson,14,C,0,15
Tennessee,1993,3,Arson,10,C,0,15
Tennessee,1994,4,Arson,6.5,B,0,0
Tennessee,1995,2,Arson,20.5,B,2,0
Tennessee,1996,2,Arson,2,B,0,0
Tennessee,1997,61,Arson,2,B,0,15
Tennessee,1998,64,Arson,2.5,B,0,15
Tennessee,1999,119,Arson,4,B,0,15
Tennessee,2000,90,Arson,4.5,B,0,15
Tennessee,2001,86,Arson,4,B,0,15
Tennessee,2002,55,Arson,3.1,B,0,15
Tennessee,2003,2,Arson,151,B,0,15
Tennessee,2004,6,Arson,6.5,B,0,15
Tennessee,2005,76,Debris Burning,3.75,B,0,15
Tennessee,2006,106,Debris Burning,3.25,B,0,15
Tennessee,2007,120,Debris Burning,3,B,0,15
Tennessee,2008,61,Missing/Undefined,4,B,0,15
Tennessee,2009,51,Arson,5,B,0,15
Tennessee,2010,81,Debris Burning,2.8,B,0,15
Tennessee,2011,50,Debris Burning,3,B,0,15
Tennessee,2012,41,Arson,3,B,0,15
Tennessee,2013,23,Debris Burning,2.5,B,0,15
Tennessee,2014,59,Debris Burning,4,B,0,15
Tennessee,2015,25,Arson,4,B,10,15
Texas,1992,64,Debris Burning,4,B,0,12
Texas,1993,70,Debris Burning,6.65,B,0,12
Texas,1994,45,Debris Burning,6,B,1,12
Texas,1995,92,Debris Burning,5,B,0,12
Texas,1996,150,Debris Burning,7,B,0,12
Texas,1997,38,Debris Burning,6.5,B,0,12
Texas,1998,99,Miscellaneous,4,B,0,12
Texas,1999,86,Debris Burning,3,B,0,12
Texas,2000,111,Debris Burning,3,B,0,12
Texas,2001,39,Debris Burning,8,B,0,12
Texas,2002,63,Debris Burning,4,B,0,12
Texas,2003,66,Debris Burning,5.5,B,0,12
Texas,2004,52,Debris Burning,5,B,0,12
Texas,2005,338,Debris Burning,3,B,0,12
Texas,2006,789,Debris Burning,3,B,0,12
Texas,2007,220,Debris Burning,2,B,0,12
Texas,2008,775,Miscellaneous,4,B,0,12
Texas,2009,545,Debris Burning,3,B,0,12
Texas,2010,382,Debris Burning,2.5,B,0,12
Texas,2011,885,Miscellaneous,4,B,1,12
Texas,2012,289,Debris Burning,2,B,0,12
Texas,2013,320,Debris Burning,2,B,0,12
Texas,2014,280,Debris Burning,1.5,B,0,12
Texas,2015,282,Debris Burning,2,B,0,12
Utah,1992,24,Missing/Undefined,10,B,0,15
Utah,1993,13,Lightning,3,B,0,0
Utah,1994,46,Lightning,1804,F,3,0
Utah,1995,36,Lightning,120,B,2,0
Utah,1996,59,Lightning,1000,G,4,0
Utah,1997,19,Missing/Undefined,18,C,2,0
Utah,1998,18,Lightning,1872,G,2,0
Utah,1999,26,Lightning,40,B,2,0
Utah,2000,34,Lightning,1620.5,B,7,0
Utah,2001,32,Missing/Undefined,5,B,6,15
Utah,2002,28,Lightning,11,B,16,0
Utah,2003,16,Missing/Undefined,181,G,16,0
Utah,2004,20,Lightning,145.5,B,12,0
Utah,2005,45,Lightning,165,B,7,0
Utah,2006,57,Lightning,80,B,6,0
Utah,2007,37,Lightning,3342,G,15,0
Utah,2008,17,Lightning,11.4,B,5,0
Utah,2009,26,Lightning,52.5,B,18,0
Utah,2010,18,Miscellaneous,6.3,B,9,0
Utah,2011,17,Lightning,10,B,2,15
Utah,2012,37,Lightning,1630,G,9,0
Utah,2013,14,Lightning,4.65,B,9,0
Utah,2014,12,Lightning,172.75,B,4,14
Utah,2015,2,Lightning,12,B,6,0
Vermont,2012,2,Debris Burning,1.5,B,0,15
Vermont,2013,4,Campfire,2,B,0,9
Vermont,2014,3,Arson,3.5,B,0,15
Vermont,2015,2,Debris Burning,2.125,B,0,15
Virginia,1992,2,Arson,5.35,B,5,0
Virginia,1994,1,Arson,1,B,1,0
Virginia,1995,35,Debris Burning,2,B,0,0
Virginia,1996,24,Debris Burning,2,B,0,0
Virginia,1997,31,Debris Burning,2,B,0,0
Virginia,1998,35,Arson,2,B,2,0
Virginia,1999,52,Debris Burning,3,B,0,0
Virginia,2000,23,Debris Burning,2,B,2,0
Virginia,2001,67,Debris Burning,3,B,0,0
Virginia,2002,43,Arson,2,B,0,0
Virginia,2003,7,Debris Burning,40,C,1,0
Virginia,2004,9,Debris Burning,2,B,0,0
Virginia,2005,27,Debris Burning,2,B,0,0
Virginia,2006,28,Debris Burning,2,B,0,0
Virginia,2007,40,Miscellaneous,3,B,0,0
Virginia,2008,46,Miscellaneous,4.95,B,2,0
Virginia,2009,21,Debris Burning,2,B,0,0
Virginia,2010,32,Arson,4.1,B,0,0
Virginia,2011,22,Debris Burning,3,B,3,0
Virginia,2012,28,Debris Burning,3.5,B,3,0
Virginia,2013,15,Debris Burning,2,B,0,0
Virginia,2014,33,Debris Burning,2,B,0,0
Virginia,2015,20,Debris Burning,3,B,0,0
Washington,1992,27,Debris Burning,3,B,1,15
Washington,1993,11,Miscellaneous,2.5,B,0,15
Washington,1994,35,Lightning,30,B,15,15
Washington,1995,11,Debris Burning,4.5,B,0,15
Washington,1996,25,Debris Burning,9,B,3,15
Washington,1997,15,Lightning,35,B,2,15
Washington,1998,24,Lightning,172.35,B,8,15
Washington,1999,12,Miscellaneous,1,B,3,15
Washington,2000,34,Debris Burning,5,B,2,15
Washington,2001,28,Lightning,3517.5,G,14,15
Washington,2002,35,Miscellaneous,2,B,9,15
Washington,2003,31,Lightning,3,B,13,15
Washington,2004,28,Lightning,2.9,B,10,15
Washington,2005,26,Miscellaneous,8.5,B,4,15
Washington,2006,30,Lightning,9.5,B,20,15
Washington,2007,37,Miscellaneous,108,B,6,15
Washington,2008,24,Debris Burning,6.25,B,11,15
Washington,2009,27,Lightning,5,B,16,15
Washington,2010,20,Lightning,3,B,6,15
Washington,2011,15,Miscellaneous,5.6,B,2,15
Washington,2012,37,Lightning,50,B,15,15
Washington,2013,28,Lightning,10.3,B,20,15
Washington,2014,43,Lightning,72,B,20,15
Washington,2015,55,Lightning,3082,G,38,15
West Virginia,1992,15,Arson,3,B,0,0
West Virginia,1993,26,Arson,6.5,B,0,0
West Virginia,1994,42,Arson,7.5,B,1,0
West Virginia,1995,41,Arson,7,B,1,0
West Virginia,1996,18,Arson,3.5,B,0,0
West Virginia,1997,23,Debris Burning,3,B,0,0
West Virginia,1998,20,Arson,8,B,0,0
West Virginia,1999,80,Arson,13.5,B,1,0
West Virginia,2000,33,Arson,6,B,0,0
West Virginia,2001,50,Arson,6,B,0,0
West Virginia,2002,22,Arson,5,B,0,0
West Virginia,2003,13,Arson,4,B,0,0
West Virginia,2004,21,Debris Burning,3,B,0,0
West Virginia,2005,17,Debris Burning,3,B,0,0
West Virginia,2006,33,Debris Burning,5,B,0,0
West Virginia,2007,19,Arson,9,B,0,0
West Virginia,2008,24,Arson,2,B,0,0
West Virginia,2009,36,Debris Burning,3,B,0,0
West Virginia,2010,18,Debris Burning,5.5,B,0,0
West Virginia,2011,13,Debris Burning,3,B,0,0
West Virginia,2012,24,Debris Burning,8.5,B,0,0
West Virginia,2013,15,Arson,4,B,0,0
West Virginia,2014,18,Debris Burning,4.5,B,0,0
West Virginia,2015,16,Debris Burning,2,B,0,0
Wisconsin,1992,19,Debris Burning,1.9,B,0,9
Wisconsin,1993,13,Miscellaneous,1.8,B,0,15
Wisconsin,1994,35,Debris Burning,2.2,B,0,9
Wisconsin,1995,25,Miscellaneous,1.4,B,0,9
Wisconsin,1996,22,Debris Burning,1.75,B,0,9
Wisconsin,1997,27,Debris Burning,1.2,B,0,15
Wisconsin,1998,25,Debris Burning,1.4,B,0,15
Wisconsin,1999,29,Debris Burning,3.5,B,0,15
Wisconsin,2000,25,Debris Burning,2.2,B,0,9
Wisconsin,2001,20,Debris Burning,1.65,B,0,15
Wisconsin,2002,12,Debris Burning,2.35,B,0,9
Wisconsin,2003,29,Debris Burning,1.3,B,0,9
Wisconsin,2004,27,Debris Burning,1.5,B,0,9
Wisconsin,2005,36,Debris Burning,2,B,0,9
Wisconsin,2006,25,Debris Burning,2.04,B,0,9
Wisconsin,2007,22,Arson,1.665,B,0,15
Wisconsin,2008,4,Debris Burning,1.28,B,0,9
Wisconsin,2009,23,Debris Burning,1.8,B,0,9
Wisconsin,2010,17,Debris Burning,2.6,B,0,15
Wisconsin,2011,10,Debris Burning,1.6,B,0,9
Wisconsin,2012,21,Debris Burning,1.5,B,1,9
Wisconsin,2013,5,Equipment Use,3.1,B,0,9
Wisconsin,2014,11,Debris Burning,2.02,B,0,9
Wisconsin,2015,17,Debris Burning,1.27,B,0,15
Wyoming,1992,16,Missing/Undefined,7.125,B,0,15
Wyoming,1993,5,Missing/Undefined,10,B,0,9
Wyoming,1994,23,Lightning,39,B,4,15
Wyoming,1995,11,Missing/Undefined,5,B,0,9
Wyoming,1996,51,Missing/Undefined,30,B,2,15
Wyoming,1997,5,Lightning,16,C,2,9
Wyoming,1998,2,Debris Burning,18.75,C,0,9
Wyoming,1999,4,Debris Burning,5044,C,0,9
Wyoming,2000,37,Lightning,693,G,15,9
Wyoming,2001,22,Lightning,94,C,19,15
Wyoming,2002,27,Lightning,135,B,15,15
Wyoming,2003,21,Lightning,3055,B,20,15
Wyoming,2004,10,Debris Burning,307,B,0,15
Wyoming,2005,13,Lightning,10,B,4,15
Wyoming,2006,31,Lightning,3235,G,19,9
Wyoming,2007,21,Lightning,40,B,12,9
Wyoming,2008,17,Campfire,4,B,16,15
Wyoming,2009,6,Lightning,4.4,B,9,15
Wyoming,2010,16,Lightning,49.8,B,10,9
Wyoming,2011,33,Lightning,177,B,7,9
Wyoming,2012,61,Lightning,19,B,21,15
Wyoming,2013,20,Lightning,2.25,B,13,15
Wyoming,2014,17,Debris Burning,2,B,1,15
Wyoming,2015,17,Lightning,5,B,1,15